AGID	lab_id	catalog_number	set_id	peptide_target	protein_expression
AGID00100	882	sc-628	Old	1433BETA	0.0013435
AGID00111	913	sc-23957	Old	1433EPSILON	-0.022242
AGID00101	883	sc-1019	Old	1433ZETA	0.47469
AGID00001	2	9452	Old	4EBP1	0.28407
AGID00002	3	9456	Old	4EBP1_pS65	-0.31853
AGID00003	6	9459	Old	4EBP1_pT37T46	0.10612
AGID00443	8	9455	Old	4EBP1_pT70	0.49156
AGID00120	985	4937	Old	53BP1	-1.2259
AGID00004	13	3661	Old	ACC_pS79	-0.7799
AGID00005	14	1768-1/ab45174	Old	ACC1	-0.97351
AGID00408	2372	3658	Set165	AceCS1	-0.2586374
AGID00473	1182	5335	Old	ACETYLATUBULINLYS40	-2.043
AGID00404	2367	9189	Set165	ACSL1	-0.8643992
AGID02144	2450	PA5-27081	Old	ACVRL1	-0.0095442
AGID00186	1198	ab88574	Old	ADAR1	-0.29966
AGID00146	1084	4691	Old	AKT	-0.40917
AGID00028	230	9271	Old	AKT_pS473	-0.69591
AGID00170	1154	2965	Old	AKT_pT308	0.78306
AGID00316	1800	3063	Set165	Akt2	-0.2883522
AGID00347	2009	8599	Set165	Akt2_pS474	2.410119
AGID02215	2577	ab195377	Set165	ALKBH5	-1.084976
AGID00498	924	CA1030	Old	ALPHACATENIN	NA
AGID00287	1630	ABC80	Set165	Ambra1_pS52	-0.2800983
AGID00236	1351	ab129081	Set165	AMPK-a2_pS345	0.2952581
AGID00006	39	2532	Old	AMPKALPHA	0.050542
AGID00007	40	2535	Old	AMPKALPHA_pT172	-0.13575
AGID00193	1208	610066	Old	ANNEXIN1	2.0879
AGID00166	1142	610668	Old	ANNEXINVII	-0.12574
AGID00371	756	1852-1/ab52615	Old	AR	-0.32372
AGID00194	1217	4432	Old	ARAF	0.019745
AGID02191	2507	PA5-39728	Old	ARAF_pS299	-0.056231
AGID00260	1053	sc-32761	Old	ARID1A	-0.087263
AGID00264	1560	HPA029318	Old	ASNS	-0.023491
AGID00276	1612	3415	Set165	Atg3	0.3157137
AGID00309	1775	13507	Set165	Atg4B	0.1263602
AGID00310	1776	12994	Set165	Atg5	0.04376577
AGID00277	1613	8558	Set165	Atg7	-0.3743778
AGID00242	1363	2873	Old	ATM	-0.6416
AGID02142	2447	13050	Set165	ATM_pS1981	2.968775
AGID00217	1289	ab14748	Set165	ATP5A	-0.2095869
AGID02145	2451	PA5-43776	Set165	ATP5H	-0.4046704
AGID02150	2456	13934	Set165	ATR	-0.2274046
AGID00315	1795	ab178407	Set165	ATR_pS428	-0.1313022
AGID00268	1569	ab97508	Set165	ATRX	-1.366183
AGID00391	2332	14475	Set165	Aurora-A	-0.5228492
AGID00392	2333	2914	Set165	Aurora-ABC_pT288_pT232_pT198	-0.3130693
AGID02195	2512	MA5-27890	Set165	Aurora-B	-0.2556561
AGID00215	1271	8661	Old	AXL	NA
AGID02143	2449	8457	Set165	b-Actin	0.01582561
AGID00179	1170	9565	Set165	b-Catenin_pT41_S45	-0.7421951
AGID00301	1725	14058	Set165	B7-H3	0.1264982
AGID00302	1726	14572	Set165	B7-H4	0.07110039
AGID00008	63	9291	Old	BAD_pS112	0.073923
AGID00009	71	1542-1/ab32371	Old	BAK	1.788
AGID00192	1207	sc-28383	Old	BAP1C4	-0.62642
AGID00010	73	2772	Old	BAX	-0.039726
AGID00433	80	M0887	Old	BCL2	0.11861
AGID00219	1299	PAB8528	Old	BCL2A1	0.48621
AGID00012	84	1018-1	Old	BCLXL	0.16495
AGID00377	87	sc-10086	Old	BECLIN	-0.066699
AGID00011	75	9562	Old	BETACATENIN	0.50056
AGID00013	88	1008-1/ab32060	Old	BID	0.18859
AGID00180	90	1036-1/ab32158	Old	BIM	0.087438
AGID00221	1311	610978	Set165	BiP-GRP78	0.1064303
AGID00373	2194	07-507	Set165	BMK1-Erk5_pT218_Y220	-0.1797009
AGID00355	92	1647/ab33899	Old	BRAF	-0.19594
AGID00014	94	2696	Old	BRAF_pS445	0.080882
AGID00445	761	9012	Old	BRCA2	0.83994
AGID00266	1567	13440	Old	BRD4	-0.60178
AGID00168	1146	2865	Set165	c-Abl_pY412	0.5948327
AGID00278	1615	3130	Set165	c-IAP2	-0.369209
AGID00345	1990	5649	Old	CA9	NA
AGID00265	1565	2862	Old	CABL	-0.28179
AGID00429	2407	2679	Set165	Calnexin	-0.1131958
AGID00176	1165	9496	Set165	Caspase-8-cleaved	0.004856839
AGID00623	111	9665	Old	CASPASE3	-0.41075
AGID00015	109	9491	Old	CASPASE7CLEAVEDD198	-0.11773
AGID00118	951	9746	Old	CASPASE8	0.18056
AGID00537	935	551246	Old	CASPASE9	NA
AGID00016	114	3238	Old	CAVEOLIN1	2.5065
AGID00358	2100	ab76000	Set165	CD134	0.1548768
AGID00303	1737	826701	Set165	CD171	1.292056
AGID00410	125	1632-1/ab78237	Old	CD20	0.32616
AGID00220	1308	ab28340	Old	CD26	0.11861
AGID00191	1206	610467	Set165	CD29	0.13985
AGID00017	127	M0823	Old	CD31	0.27466
AGID00369	2174	ab108403	Set165	CD38	0.5601795
AGID00359	2104	ab133616	Set165	CD4	0.5933896
AGID00411	1398	3570	Set165	CD44	1.744515
AGID00237	1352	M070101-2	Set165	CD45	1.553633
AGID00115	937	611016	Old	CD49B	0.2289
AGID02171	2482	91882	Set165	CD86	-0.3106667
AGID00329	1873	4688	Set165	cdc25C	-0.2867839
AGID00227	1332	4651	Set165	Cdc42	0.4718264
AGID00422	2396	3387	Set165	Cdc6	0.009993183
AGID00501	1007	9112	Old	CDK1	0.76657
AGID00293	1658	ab32384	Set165	CDK1_pT14	-0.8845928
AGID00314	1783	4539	Old	CDK1_pY15	0.057033
AGID00423	2397	8064	Set165	CDT1	1.458025
AGID02101	2348	15102	Set165	cGAS	0.04777877
AGID00447	2410	13460	Set165	CHD1L	-0.2707688
AGID00189	1203	2360	Old	CHK1	-0.27094
AGID00234	1348	ab79758	Old	CHK1_pS296	0.21934
AGID00107	903	2348	Old	CHK1_pS345	-0.34155
AGID00018	146	3440	Old	CHK2	-0.2503
AGID00019	147	2197	Old	CHK2_pT68	0.12441
AGID00527	2078	4952	Old	CIAP	-0.34925
AGID00350	2018	3793	Set165	CIITA	0.4710447
AGID00434	155	9164	Old	CJUN_pS73	0.16553
AGID00020	157	1522-1/ab32363	Old	CKIT	0.53376
AGID00400	852	NB100-91714	Old	CLAUDIN7	0.58877
AGID00466	726	3127	Old	CMET	0.22529
AGID00079	727	3129	Old	CMET_pY1235	0.16814
AGID00167	161	9402	Old	CMYC	-0.26421
AGID00292	1656	11130-1-AP	Old	COG3	-0.45077
AGID00021	171	sc-20649	Old	COLLAGENVI	0.57215
AGID00141	1069	459230	Old	COMPLEXIISUBUNIT30	NA
AGID00267	1568	3512	Set165	Connexin-43	1.122365
AGID00269	1571	6434	Set165	Coup-TFII	0.4830534
AGID00150	1116	4850	Set165	Cox-IV	0.5831751
AGID00195	1218	4842	Set165	Cox2	0.5478174
AGID00188	803	05-739	Old	CRAF	0.065013
AGID00022	179	9427	Old	CRAF_pS338	0.080139
AGID00023	181	9197	Set165	Creb	0.9439195
AGID00393	2334	9198	Set165	CREB_pS133	0.1989546
AGID00365	2155	4980	Set165	CSK	-0.2203985
AGID00367	2160	9201	Set165	CtIP	0.9789611
AGID00536	2096	ab107198	Old	CTLA4	NA
AGID00025	198	2936	Set165	Cyclin-D3	0.1454153
AGID00024	192	1495-1/ab32053	Old	CYCLINB1	-0.78044
AGID00382	194	sc-718	Old	CYCLIND1	-0.089151
AGID00437	199	sc-25303	Old	CYCLINE1	-0.73189
AGID00449	202	1142-1	Old	CYCLINE2	0.094636
AGID00209	1257	ab110324	Set165	Cyclophilin-F	0.05592447
AGID00247	1379	ab48389	Set165	D-a-Tubulin	-0.2234163
AGID00308	1770	GTX10524	Set165	DAPK1_pS308	-0.2553196
AGID00304	1744	ab51601	Set165	DAPK2	0.1660737
AGID00343	1980	6998	Set165	DDB-1	0.2954096
AGID00427	2402	5583	Set165	DDR1	-0.09283116
AGID00428	2403	SAB4504671	Set165	DDR1_pY513	0.5994732
AGID00532	1273	Bast Lab	Old	DIRAS3	-0.049269
AGID00104	891	ab76008	Old	DJ1	0.072106
AGID02146	2452	4658	Set165	DM-Histone-H3	0.710208
AGID00386	1397	ab32521	Set165	DM-K9-Histone-H3	-0.1264647
AGID00352	2030	14649	Set165	DNA-Ligase-IV	-0.7204165
AGID00407	2371	13609	Set165	DNA_POLG	-0.3650621
AGID00399	2344	5032	Set165	DNMT1	-0.3413959
AGID00409	2373	5391	Set165	DRP1	-0.4040265
AGID00253	1406	5149	Old	DUSP4	-0.33694
AGID00334	1936	ab76310	Set165	DUSP6	-0.4876253
AGID00116	940	3218	Old	DVL3	-0.32708
AGID00211	1261	sc-251	Old	E2F1	NA
AGID00148	1099	3195	Old	ECADHERIN	0.91313
AGID00135	1060	2332	Old	EEF2	0.34137
AGID00136	1061	3692	Old	EEF2K	-0.62462
AGID00152	1120	2232	Old	EGFR	0.56937
AGID00450	217	2234	Old	EGFR_pY1068	2.7582
AGID00026	221	1124-1/ab32578	Old	EGFR_pY1173	0.63038
AGID00078	722	9742	Old	EIF4E	0.3646
AGID00328	1871	ab76256	Set165	eIF4E_pS209	-0.07407605
AGID00154	1124	2498	Old	EIF4G	-0.05597
AGID00027	228	9181	Set165	Elk1_pS383	0.3290722
AGID00235	1350	M061329-2	Set165	EMA	0.6013348
AGID00394	2337	3810	Set165	Enolase-1	0.4492396
AGID00395	2338	8171	Set165	Enolase-2	-0.03511863
AGID00196	1219	GTX629542	Old	ENY2	NA
AGID00438	1849	A302-024A	Set165	EphA2	0.7624177
AGID00552	2422	6347	Set165	EphA2_pS897	0.8132219
AGID00553	2423	12677	Set165	EphA2_pY588	0.5048196
AGID00075	693	556347	Old	EPPK1	0.30526
AGID00335	238	RM-9101	Old	ERALPHA	-1.8716
AGID00029	241	1091-1/ab32396	Old	ERALPHA_pS118	-0.45026
AGID00240	247	MS-671	Old	ERCC1	-0.13452
AGID00239	1355	11331-1-AP	Old	ERCC5	0.32307
AGID00484	249	sc-154	Old	ERK2	-0.18847
AGID00372	2193	3552	Set165	Erk5	-0.1791407
AGID00405	2369	13826	Set165	ERRalpha	-0.3257811
AGID00187	1200	A303-501A	Old	ETS1	0.40884
AGID00511	2492	2593	Set165	EVI1	-0.1542217
AGID00485	1284	4905	Old	EZH2	NA
AGID00030	252	1700-1/ab40794	Set165	FAK	-0.7858242
AGID02151	2457	8556	Set165	FAK_pY397	0.4286947
AGID00171	1156	3180	Old	FASN	-0.35049
AGID00356	2085	500-P18/10775-082	Set165	FGF-basic	0.3633107
AGID00031	262	1574-1/ab45688	Old	FIBRONECTIN	1.008
AGID00339	1959	4403	Set165	FN14	0.2980077
AGID02152	2458	20459	Old	FOXM1	-0.25991
AGID00378	269	9467	Old	FOXO3A	-0.09963
AGID02197	2515	orb6051	Old	FOXO3A_pS318S321	0.23189
AGID02167	2475	PA5-64616	Set165	FRS2-alpha_pY196	0.1083567
AGID02213	2575	ab124892	Set165	FTO	-0.5322362
AGID02141	2446	12263	Old	G6PD	0.093362
AGID00117	943	3239	Old	GAB2	-0.72843
AGID00412	274	AM4300	Old	GAPDH	-0.38446
AGID00086	764	558686	Old	GATA3	-0.34869
AGID00383	1578	4253	Old	GATA6	NA
AGID00289	1634	12601-1-AP	Set165	GCLC	-0.4500861
AGID00305	1745	ab124827	Set165	GCLM	-0.09934448
AGID00212	1263	3305	Old	GCN5L2	NA
AGID00270	1579	3538	Set165	Gli1	0.1365677
AGID00263	1520	ab69838	Set165	Gli3	-0.3720031
AGID00548	2530	3660	Set165	Glucocorticoid-Receptor	-0.2158393
AGID00387	1617	12793	Set165	Glutamate-D1-2	-0.4197076
AGID00262	1491	ab156876	Set165	Glutaminase	0.09724631
AGID00319	1807	4275	Set165	Granzyme-B	0.7702559
AGID00368	2169	ab183737	Set165	GRB7	-0.1338022
AGID00396	2339	3593	Set165	Grp75	-0.5978189
AGID00174	1163	9315	Set165	GSK-3B	-0.4440611
AGID00502	1082	9336	Old	GSK3_pS9	-0.1621
AGID00033	284	sc-7291	Old	GSK3ALPHABETA	-0.45836
AGID00034	285	9331	Old	GSK3ALPHABETA_pS21S9	0.031516
AGID00129	1035	3886	Old	GYS	NA
AGID00130	1036	3891	Old	GYS_pS641	NA
AGID01354	1342	9718	Set165	H2AX_pS139	0.4365563
AGID00363	1409	MA1-2022	Set165	H2AX_pS140	-0.06455639
AGID00131	1038	MS-325-P1	Old	HER2	-0.4717
AGID00142	299	06-229	Old	HER2_pY1248	2.4451
AGID00110	911	sc-285	Old	HER3	-0.20785
AGID00080	728	4791	Old	HER3_pY1289	0.088238
AGID00103	890	2573	Old	HEREGULIN	0.033185
AGID00271	1582	11988	Set165	HES1	0.4897081
AGID00397	2340	2024	Set165	Hexokinase-I	-0.4349416
AGID00442	1023	2867	Set165	Hexokinase-II	-1.245183
AGID00419	1402	610958	Old	HIF1ALPHA	NA
AGID00205	1250	ab1791	Set165	Histone-H3	-0.2735028
AGID00398	2341	3377	Set165	Histone-H3_pS10	0.254364
AGID00332	1901	ab128959	Set165	HLA-DQA1	NA
AGID00333	1902	14832-1-AP	Set165	HMHA1	0.1445978
AGID00035	321	2402	Set165	HSP27	0.3653899
AGID00036	323	2401	Set165	HSP27_pS82	0.9640524
AGID00320	1808	12165	Set165	HSP60	0.3850531
AGID00037	325	4872	Old	HSP70	0.82929
AGID00366	2158	86630	Set165	IDO	0.5564557
AGID00197	1221	3024	Old	IGF1R_pY1135Y1136	0.28513
AGID00038	335	3922	Old	IGFBP2	0.41857
AGID00090	793	611504	Set165	IGFBP3	0.2526656
AGID00039	336	3027	Set165	IGFRb	-0.8718228
AGID00336	1949	12153	Set165	IL-6	0.8230058
AGID02221	2583	57145	Set165	IMP3	-0.2514593
AGID02153	2459	14543	Old	INPP4B	-0.24531
AGID00272	1586	3025	Set165	IR-b	-0.8127079
AGID00519	2519	4302	Set165	IRF-3	0.2929838
AGID00520	2520	4947	Set165	IRF-3_pS396	0.07007964
AGID00223	1316	sc-497	Old	IRF1	0.27417
AGID00092	802	06-248	Old	IRS1	0.26083
AGID00040	371	4502	Set165	IRS2	3.180196
AGID00250	1394	sc-13157	Old	JAB1	0.019311
AGID00256	1413	ab109536	Set165	Jagged1	0.04844651
AGID00177	1166	3230	Old	JAK2	-0.32546
AGID00758	377	4671	Old	JNK_pT183Y185	0.85803
AGID02136	2439	PA5-28262	Old	JNK2	0.046474
AGID00307	1757	ab10484	Set165	KAP1	-0.5231916
AGID00528	904	2180	Old	KU80	-0.42358
AGID00375	2237	HPA028732	Set165	LAD1	1.866906
AGID00290	1643	IHC-00439	Set165	Lasu1	-0.8823316
AGID00279	1618	4108	Set165	LC3A-B	-0.0908572
AGID00042	397	2752	Old	LCK	0.50508
AGID00119	976	3582	Old	LDHA	NA
AGID00533	977	ab85319	Old	LDHB	NA
AGID00529	1477	3050	Old	LKB1	0.020617
AGID00244	1367	2568	Set165	LRP6_pS1490	0.2700201
AGID00439	2424	2796	Set165	Lyn	0.1244657
AGID02154	2460	4370	Old	MAPK_pT202Y204	1.156
AGID00198	1222	5453	Set165	Mcl-1	0.6343346
AGID00288	1633	AB3314P	Set165	MCT4	0.239849
AGID00175	1164	3521	Set165	MDM2_pS166	-0.09184739
AGID00044	417	1235-1/ab32576	Old	MEK1	0.35946
AGID00143	1076	9154	Old	MEK1_pS217S221	0.7745
AGID00201	1243	9125	Set165	MEK2	0.3113477
AGID00361	2118	ab51061	Set165	MelanA	0.2533348
AGID00362	2119	ab137078	Set165	Melanoma-gp100	0.4847774
AGID00337	1951	12711	Set165	MERIT40	-0.007706001
AGID00338	1952	12110	Set165	MERIT40_pS29	0.3595136
AGID02212	2574	ab195352	Set165	METTL3	-0.883041
AGID00225	1323	sc-20121	Set165	MIF	-0.2193795
AGID00137	1062	WH0054206M1	Old	MIG6	-0.27214
AGID00403	2117	ab20663	Set165	MITF	0.5061954
AGID00503	1067	ab3298	Old	MITOCHONDRIA	NA
AGID00321	1809	14739	Set165	Mitofusin-1	-0.2573794
AGID00322	1810	11925	Set165	Mitofusin-2	-0.8156204
AGID00389	2324	3515	Set165	MLH1	-0.6183971
AGID00312	1780	14993	Set165	MLKL	-0.4585255
AGID00402	2359	MAB3328	Set165	MMP14	-0.9658967
AGID00045	435	4022	Set165	MMP2	0.5789298
AGID00122	1005	2195	Set165	Mnk1	-0.06883191
AGID00331	1899	sc-377312	Set165	MR1	-0.3137259
AGID00273	1589	ab103319	Set165	MRAP	0.06342987
AGID00530	440	4847	Old	MRE11	0.18928
AGID00390	905	2850	Old	MSH2	-0.66476
AGID00138	1063	22030002	Old	MSH6	-0.67764
AGID00299	1675	ab76148	Set165	MSI2	-0.2121482
AGID00232	1344	ab14705	Set165	MTCO1	-0.5956344
AGID00046	444	2983	Old	MTOR	-0.8581
AGID00047	446	2971	Old	MTOR_pS2448	-0.41927
AGID00204	1247	H00009788-M01A	Set165	MTSS1	0.2471385
AGID00401	1139	21370002	Old	MYH11	-0.97651
AGID00291	1647	3403	Old	MYOSINIIA	NA
AGID00173	1160	5026	Old	MYOSINIIA_pS1943	0.28133
AGID00318	1803	4282	Set165	Myt1	-0.2467079
AGID00216	1274	5795-1/ab129189	Old	NAPSINA	NA
AGID00418	452	4061	Old	NCADHERIN	0.8971
AGID00156	1126	3217	Old	NDRG1_pT346	1.6299
AGID02133	2436	PA5-45913	Set165	NDUFB4	0.1237184
AGID00134	1046	22710002	Old	NF2	-0.49368
AGID00048	457	3033	Old	NFKBP65_pS536	1.3532
AGID02155	2461	3608	Old	NOTCH1	0.20486
AGID00340	1969	4147	Set165	Notch1-cleaved	0.6063784
AGID00087	767	sc-5593	Set165	Notch3	-0.08433459
AGID00258	1420	3187	Set165	NQO1	-0.4734353
AGID00162	1136	sc-31	Old	NRAS	0.01131
AGID00257	1419	12721	Old	NRF2	NA
AGID00297	1669	2750	Set165	Oct-4	0.3988661
AGID00420	466	1712-1/ab40803	Old	P16INK4A	-0.33577
AGID00384	470	sc-6246	Old	P21	0.25803
AGID00105	897	1591-1/ab32034	Old	P27	0.30916
AGID00096	842	AF1555	Old	P27_pT157	0.53422
AGID00099	878	ab64949	Old	P27_pT198	0.32338
AGID00181	1175	9228	Set165	p38-a	0.1657488
AGID00098	479	9211	Old	P38_pT180Y182	1.247
AGID00049	478	9212	Old	P38MAPK	0.10029
AGID00151	1119	4695	Set165	p44-42-MAPK	-0.7219266
AGID00050	481	9282	Old	P53	0.33897
AGID00490	1187	610833	Old	P62LCKLIGAND	-0.28147
AGID00545	1415	ab53039	Old	P63	NA
AGID00052	494	9205	Old	P70S6K_pT389	0.19041
AGID00051	493	1494-1/ab32529	Old	P70S6K1	-0.32503
AGID00085	759	9347	Old	P90RSK	-0.40399
AGID00531	770	9344	Old	P90RSK_pT359S363	0.39882
AGID00182	1178	9346	Set165	p90RSK_pT573	-0.03444401
AGID00053	499	612024	Old	PAI1	-0.047717
AGID00224	1322	HPA035895	Set165	PAICS	-0.1063339
AGID00323	1811	2602	Set165	PAK1	-0.6546388
AGID02199	2517	PA5-69540	Set165	PAK4	0.8102133
AGID00245	1370	4336-BPC-100	Set165	PAR	-0.6761862
AGID00374	2209	66564	Set165	PARG	0.6674677
AGID00370	1372	sc-7150	Old	PARP1	NA
AGID00468	501	9546	Old	PARPCLEAVED	-0.18171
AGID00274	1591	ab53715	Set165	Patched	-0.08031431
AGID00513	2486	60433	Set165	PAX6	0.150945
AGID00441	1621	9857	Set165	PAX8	0.3640664
AGID00054	504	2542	Old	PAXILLIN	-0.48576
AGID00055	509	2130	Old	PCADHERIN	-0.29596
AGID00248	511	ab29	Old	PCNA	-0.23561
AGID00413	2095	43248	Old	PDCD1	NA
AGID00094	816	600-401-965	Old	PDCD4	1.1117
AGID00385	1225	3169	Set165	PDGFRB	-0.2054472
AGID00210	1258	ab110332	Set165	PDH	-0.08765558
AGID00324	1817	3205	Set165	PDHA1	-0.3621256
AGID00280	1622	3820	Set165	PDHK1	0.6792206
AGID00056	515	3062	Old	PDK1	-0.10946
AGID00057	516	3061	Old	PDK1_pS241	-0.11794
AGID00300	1234	sc-19090	Old	PDL1	0.31931
AGID00124	1017	2780	Old	PEA15	-0.063817
AGID00125	1018	44-836G	Old	PEA15_pS116	0.49164
AGID00440	2429	3192	Set165	PERK	-0.4548284
AGID02207	2569	ab192876	Set165	PGM1	-0.1477604
AGID00281	1623	13428	Set165	PHGDH	-0.08350666
AGID00425	2399	22789-1-AP	Set165	PHLPP	-0.0252591
AGID00226	1330	sc-376412	Set165	PI3K-p110-b	-0.1269454
AGID00093	808	4255	Old	PI3KP110ALPHA	-0.49358
AGID00058	523	06-195	Old	PI3KP85	0.020318
AGID00296	1667	5675	Set165	PKA-a	0.2207056
AGID00259	1426	9375	Set165	PKC-a-b-II_pT638_T641	-0.4406313
AGID00172	529	05-154	Old	PKCALPHA	1.5556
AGID00460	530	06-822	Old	PKCALPHA_pS657	-0.064723
AGID00114	932	07-875	Old	PKCDELTA_pS664	0.24557
AGID00163	1137	9371	Old	PKCPANBETAII_pS660	-0.29275
AGID00126	1025	4053	Old	PKM2	NA
AGID00512	2489	5690	Set165	PLC-gamma1	-2.071977
AGID02138	2441	GTX133463	Set165	PLC-gamma2_pY759	0.4227381
AGID00084	754	4513	Set165	PLK1	-0.07221787
AGID00203	1246	22510002	Set165	PMS2	-0.8444712
AGID00207	1254	ab14734	Set165	Porin	-0.3306292
AGID00381	549	1483-1/ab32085	Old	PR	-0.50754
AGID00081	738	AHO1031	Set165	PRAS40	-0.09756047
AGID00082	739	44-1100G	Old	PRAS40_pT246	0.10736
AGID00424	2398	OAAF05458	Set165	PRC1_pT481	0.04136638
AGID00492	1205	HPA007730	Old	PRDX1	-0.14322
AGID00190	1204	ab102739	Old	PREX1	-0.017757
AGID00061	566	9552	Old	PTEN	0.032849
AGID00364	2154	ab76942	Set165	PTPN12	-0.2066125
AGID00218	1290	4976	Set165	Puma	-0.2638041
AGID00200	1242	SAB2900066	Old	PYGB	NA
AGID00535	1494	ab61013	Old	PYGL	NA
AGID00202	1245	H00005837-M10	Old	PYGM	NA
AGID00275	1607	3291	Set165	Pyk2_pY402	0.4001758
AGID00145	1083	3539	Old	RAB11	0.57265
AGID00169	1150	4314	Old	RAB25	0.48964
AGID00342	1979	24555	Set165	Rad23A	0.02580221
AGID00261	987	05-525	Old	RAD50	0.21211
AGID00360	579	NA71	Old	RAD51	0.27682
AGID00158	1128	2280	Old	RAPTOR	-0.24909
AGID00059	552	9309	Old	RB	0.042743
AGID00060	557	9308	Old	RB_pS807S811	-0.38965
AGID00164	1138	21390002	Old	RBM15	-1.5431
AGID00547	735	3221	Old	RET_pY905	NA
AGID00097	847	MAB3426	Set165	Rheb	-1.103343
AGID00159	1129	2114	Old	RICTOR	-1.0455
AGID00160	1130	3806	Old	RICTOR_pT1135	0.44808
AGID00282	1624	4926	Set165	RIP	-0.4885157
AGID00283	1625	13526	Set165	RIP3	0.2109471
AGID00416	1368	2208	Set165	RPA32	0.2174118
AGID00246	1375	A300-245A	Set165	RPA32_pS4_S8	-0.369054
AGID00341	1978	3388	Set165	RRM1	0.5172139
AGID00344	1981	PA5-27856	Set165	RRM2	0.2839741
AGID00554	2425	8408	Set165	RSK1	-1.182226
AGID00353	2031	13018	Set165	S100A4	0.09718754
AGID00330	1874	2317	Old	S6	-1.1037
AGID00062	600	2211	Old	S6_pS235S236	-0.055664
AGID00063	601	2215	Old	S6_pS240S244	0.012814
AGID00157	1127	sc-58420	Old	SCD1	-0.033255
AGID00230	1339	11998	Set165	SDHA	0.1912262
AGID00294	1039	ab69836	Old	SETD2	-0.16516
AGID00161	1131	32-4500	Old	SF2	-0.1116
AGID02179	2495	3534	Set165	SFRP1	0.4860017
AGID00431	2411	12103	Set165	SGK1	0.4614862
AGID00430	2409	8156	Set165	SGK3	0.4893361
AGID02168	2476	bs-3413R	Old	SHC_pY317	0.62317
AGID00376	2241	3397	Set165	SHP2	-0.6823142
AGID00183	1180	3751	Old	SHP2_pY542	0.88716
AGID02208	2570	ab8120	Set165	SIRP-alpha	0.9620788
AGID00222	1133	sc-99002	Old	SLC1A5	NA
AGID00255	1411	sc-136891	Set165	Slfn11	-0.07068161
AGID00064	610	2954	Old	SMAC	-0.35789
AGID00113	922	1649-1/ab33902	Old	SMAD1	-0.030362
AGID00091	796	1735-1/ab40854	Old	SMAD3	0.71395
AGID02160	2467	46535	Old	SMAD4	-0.26897
AGID00065	616	3895	Old	SNAIL	0.206
AGID00325	1818	4266	Set165	SOD1	0.08730019
AGID00380	1328	13141	Set165	SOD2	1.282598
AGID00298	1670	2748	Set165	Sox2	0.441398
AGID00066	621	05-184	Old	SRC	0.329
AGID02157	2463	6943	Old	SRC_pY416	1.5792
AGID00068	626	2105	Old	SRC_pY527	0.54352
AGID00185	1197	4904	Set165	Stat3	-0.6124275
AGID00388	637	9131	Old	STAT3_pY705	0.67227
AGID00069	638	1289-1/ab32043	Old	STAT5ALPHA	-0.58499
AGID00077	718	1972-1/ab52630	Old	STATHMIN	0.32783
AGID00357	2099	13647	Set165	STING	-0.7603305
AGID00128	1033	sc-1240	Old	SYK	-0.17465
AGID00070	646	05-348	Set165	Tau	-0.169
AGID00327	777	2149	Old	TAZ	0.63952
AGID00228	1333	7495	Set165	TFAM	0.358636
AGID00165	1140	22500002	Old	TFRC	-0.5192
AGID00149	1107	S1711/ab137573	Old	TIGAR	0.12116
AGID00109	908	MS-224-P1	Old	TRANSGLUTAMINASE	-0.32006
AGID00406	2370	612344	Set165	TRAP1	-0.6041958
AGID00559	2537	PA5-34561	Set165	TRIM24	-0.09415655
AGID00306	1756	ab167154	Set165	TRIM25	-0.5459061
AGID00426	2400	PA5-52193	Set165	TRIP13	-0.4842979
AGID00155	1125	4906	Old	TSC1	-0.68472
AGID00144	1081	2044-1/ab76013	Old	TTF1	NA
AGID00071	670	1613-1/ab32554	Old	TUBERIN	-0.60142
AGID02194	2511	ab109403	Old	TUBERIN_pT1462	-0.41094
AGID00417	1842	ab173300	Set165	TUFM	-0.571698
AGID00238	1353	sc-81417	Set165	Twist	0.05058993
AGID00436	1080	5585	Set165	Tyro3	0.5311287
AGID00295	1662	5546	Set165	U-Histone-H2B	0.6064472
AGID00214	1270	HPA005651	Set165	UBAC1	0.2049434
AGID00351	2020	sc-136145	Set165	UBQLN4	-0.01735961
AGID00213	1267	sc-271268	Set165	UGT1A	1.305134
AGID00284	1626	6888	Set165	ULK1_pS757	0.1988291
AGID00208	1256	MS304/ab14745	Set165	UQCRC2	-0.4353329
AGID00313	1781	13115	Set165	UVRAG	0.4222522
AGID00073	678	3112	Set165	VASP	0.1393685
AGID00184	1181	2502	Set165	VAV1	-0.2612967
AGID00074	688	2479	Old	VEGFR2	0.22229
AGID00421	2394	68547	Set165	VHL	0.07321735
AGID00231	1343	SAB4200080	Set165	Vinculin	-0.2669426
AGID00317	1802	4936	Set165	Wee1	-0.8876636
AGID00354	2058	4910	Set165	Wee1_pS642	1.170735
AGID00285	1627	12124	Set165	WIPI1	0.1625143
AGID00286	1628	8567	Set165	WIPI2	-0.037788
AGID02214	2576	ab195380	Set165	WTAP	0.1793061
AGID00133	1044	sc-32136	Old	XBP1	-0.030336
AGID00076	699	2042	Set165	XIAP	-0.6077749
AGID00241	1359	sc-56813	Set165	XPA	-0.2637179
AGID00349	1354	ab3299	Set165	XPF	0.03254341
AGID02137	2440	PA5-29359	Old	XRCC1	-0.48117
AGID00088	780	sc-15407	Old	YAP	0.5689
AGID00089	782	4911	Old	YAP_pS127	0.31402
AGID00504	700	17250002	Old	YB1	0.14605
AGID00095	835	2900	Old	YB1_pS102	0.31967
AGID02217	2579	ab220163	Set165	YTHDF2	-0.7740494
AGID02210	2572	ab220161	Set165	YTHDF3	-0.8032186
AGID00326	1828	2705	Set165	ZAP-70	0.1944895
AGID00432	2244	sc-25388	Set165	ZEB1	0.5795776
